{"name":"Symptom","identifier":"SBYRZSELUF","description":null,"slotTypeValues":[{"synonyms":null,"sampleValue":{"value":"fever"}},{"synonyms":null,"sampleValue":{"value":"headache"}},{"synonyms":null,"sampleValue":{"value":"cough"}},{"synonyms":null,"sampleValue":{"value":"cold"}},{"synonyms":null,"sampleValue":{"value":"chest pain"}},{"synonyms":null,"sampleValue":{"value":"dizziness"}}],"parentSlotTypeSignature":null,"valueSelectionSetting":{"resolutionStrategy":"TOP_RESOLUTION","advancedRecognitionSetting":null,"regexFilter":null}}