{"name":"ActionType","identifier":"H5CY7ZIMKN","description":null,"slotTypeValues":[{"synonyms":null,"sampleValue":{"value":"book a doctor"}},{"synonyms":null,"sampleValue":{"value":"talk to expert"}},{"synonyms":null,"sampleValue":{"value":"schedule a consultation                                                          "}}],"parentSlotTypeSignature":null,"valueSelectionSetting":{"resolutionStrategy":"TOP_RESOLUTION","advancedRecognitionSetting":{"audioRecognitionStrategy":null},"regexFilter":null}}